"Codigo";"Descricao"
1;"Ign/Branco"
2;"Inconclusivo"
3;"Dengue"
4;"Dengue com sinais de alarme"
5;"Dengue grave"
3;"Dengue Clássico"
4;"Dengue com complicações"
4;"Febre Hemorrágica do Dengue"
5;"Síndrome do Choque do Dengue"
